{"cameraMode":{"drawMode":0,"name":"Shaded","section":"Shading Mode"},"sceneLighting":false,"audioPlay":false,"sceneViewState":{"showFog":true,"showMaterialUpdate":false,"showSkybox":true,"showFlares":true,"showImageEffects":true,"showParticleSystems":true},"in2DMode":false,"pivot":{"x":-0.000963134691119194,"y":0.06640874594449997,"z":-0.0018901601433753968},"rotation":{"x":0.033680036664009097,"y":0.9434174299240112,"z":-0.31400713324546816,"w":0.10113752633333206},"size":0.23702993988990785,"orthographic":false}